index,creature_file,egg_file,creature_source,egg_source,notes
1,creatures/creature_001.png,eggs/egg_001.png,grid_pairrow_01_creature_col_01,grid_pairrow_01_egg_col_01,
2,creatures/creature_002.png,eggs/egg_002.png,grid_pairrow_01_creature_col_02,grid_pairrow_01_egg_col_02,
3,creatures/creature_003.png,eggs/egg_003.png,grid_pairrow_01_creature_col_03,grid_pairrow_01_egg_col_03,
4,creatures/creature_004.png,eggs/egg_004.png,grid_pairrow_01_creature_col_04,grid_pairrow_01_egg_col_04,
5,creatures/creature_005.png,eggs/egg_005.png,grid_pairrow_01_creature_col_05,grid_pairrow_01_egg_col_05,
6,creatures/creature_006.png,eggs/egg_006.png,grid_pairrow_01_creature_col_06,grid_pairrow_01_egg_col_06,
7,creatures/creature_007.png,eggs/egg_007.png,grid_pairrow_01_creature_col_07,grid_pairrow_01_egg_col_07,
8,creatures/creature_008.png,eggs/egg_008.png,grid_pairrow_01_creature_col_08,grid_pairrow_01_egg_col_08,
9,creatures/creature_009.png,eggs/egg_009.png,grid_pairrow_01_creature_col_09,grid_pairrow_01_egg_col_09,
10,creatures/creature_010.png,eggs/egg_010.png,grid_pairrow_01_creature_col_10,grid_pairrow_01_egg_col_10,
11,creatures/creature_011.png,eggs/egg_011.png,grid_pairrow_01_creature_col_11,grid_pairrow_01_egg_col_11,
12,creatures/creature_012.png,eggs/egg_012.png,grid_pairrow_01_creature_col_12,grid_pairrow_01_egg_col_12,
13,creatures/creature_013.png,eggs/egg_013.png,grid_pairrow_01_creature_col_13,grid_pairrow_01_egg_col_13,
14,creatures/creature_014.png,eggs/egg_014.png,grid_pairrow_01_creature_col_14,grid_pairrow_01_egg_col_14,
15,creatures/creature_015.png,eggs/egg_015.png,grid_pairrow_01_creature_col_15,grid_pairrow_01_egg_col_15,
16,creatures/creature_016.png,eggs/egg_016.png,grid_pairrow_02_creature_col_01,grid_pairrow_02_egg_col_01,
17,creatures/creature_017.png,eggs/egg_017.png,grid_pairrow_02_creature_col_02,grid_pairrow_02_egg_col_02,
18,creatures/creature_018.png,eggs/egg_018.png,grid_pairrow_02_creature_col_03,grid_pairrow_02_egg_col_03,
19,creatures/creature_019.png,eggs/egg_019.png,grid_pairrow_02_creature_col_04,grid_pairrow_02_egg_col_04,
20,creatures/creature_020.png,eggs/egg_020.png,grid_pairrow_02_creature_col_05,grid_pairrow_02_egg_col_05,
21,creatures/creature_021.png,eggs/egg_021.png,grid_pairrow_02_creature_col_06,grid_pairrow_02_egg_col_06,
22,creatures/creature_022.png,eggs/egg_022.png,grid_pairrow_02_creature_col_07,grid_pairrow_02_egg_col_07,
23,creatures/creature_023.png,eggs/egg_023.png,grid_pairrow_02_creature_col_08,grid_pairrow_02_egg_col_08,
24,creatures/creature_024.png,eggs/egg_024.png,grid_pairrow_02_creature_col_09,grid_pairrow_02_egg_col_09,
25,creatures/creature_025.png,eggs/egg_025.png,grid_pairrow_02_creature_col_10,grid_pairrow_02_egg_col_10,
26,creatures/creature_026.png,eggs/egg_026.png,grid_pairrow_02_creature_col_11,grid_pairrow_02_egg_col_11,
27,creatures/creature_027.png,eggs/egg_027.png,grid_pairrow_02_creature_col_12,grid_pairrow_02_egg_col_12,
28,creatures/creature_028.png,eggs/egg_028.png,grid_pairrow_02_creature_col_13,grid_pairrow_02_egg_col_13,
29,creatures/creature_029.png,eggs/egg_029.png,grid_pairrow_02_creature_col_14,grid_pairrow_02_egg_col_14,
30,creatures/creature_030.png,eggs/egg_030.png,grid_pairrow_02_creature_col_15,grid_pairrow_02_egg_col_15,
31,creatures/creature_031.png,eggs/egg_031.png,grid_pairrow_03_creature_col_01,grid_pairrow_03_egg_col_01,
32,creatures/creature_032.png,eggs/egg_032.png,grid_pairrow_03_creature_col_02,grid_pairrow_03_egg_col_02,
33,creatures/creature_033.png,eggs/egg_033.png,grid_pairrow_03_creature_col_03,grid_pairrow_03_egg_col_03,
34,creatures/creature_034.png,eggs/egg_034.png,grid_pairrow_03_creature_col_04,grid_pairrow_03_egg_col_04,
35,creatures/creature_035.png,eggs/egg_035.png,grid_pairrow_03_creature_col_05,grid_pairrow_03_egg_col_05,
36,creatures/creature_036.png,eggs/egg_036.png,grid_pairrow_03_creature_col_06,grid_pairrow_03_egg_col_06,
37,creatures/creature_037.png,eggs/egg_037.png,grid_pairrow_03_creature_col_07,grid_pairrow_03_egg_col_07,
38,creatures/creature_038.png,eggs/egg_038.png,grid_pairrow_03_creature_col_08,grid_pairrow_03_egg_col_08,
39,creatures/creature_039.png,eggs/egg_039.png,grid_pairrow_03_creature_col_09,grid_pairrow_03_egg_col_09,
40,creatures/creature_040.png,eggs/egg_040.png,grid_pairrow_03_creature_col_10,grid_pairrow_03_egg_col_10,
41,creatures/creature_041.png,eggs/egg_041.png,grid_pairrow_03_creature_col_11,grid_pairrow_03_egg_col_11,
42,creatures/creature_042.png,eggs/egg_042.png,grid_pairrow_03_creature_col_12,grid_pairrow_03_egg_col_12,
43,creatures/creature_043.png,eggs/egg_043.png,grid_pairrow_03_creature_col_13,grid_pairrow_03_egg_col_13,
44,creatures/creature_044.png,eggs/egg_044.png,grid_pairrow_03_creature_col_14,grid_pairrow_03_egg_col_14,
45,creatures/creature_045.png,eggs/egg_045.png,grid_pairrow_03_creature_col_15,grid_pairrow_03_egg_col_15,
46,creatures/creature_046.png,eggs/egg_046.png,grid_pairrow_04_creature_col_01,grid_pairrow_04_egg_col_01,
47,creatures/creature_047.png,eggs/egg_047.png,grid_pairrow_04_creature_col_02,grid_pairrow_04_egg_col_02,
48,creatures/creature_048.png,eggs/egg_048.png,grid_pairrow_04_creature_col_03,grid_pairrow_04_egg_col_03,
49,creatures/creature_049.png,eggs/egg_049.png,grid_pairrow_04_creature_col_04,grid_pairrow_04_egg_col_04,
50,creatures/creature_050.png,eggs/egg_050.png,grid_pairrow_04_creature_col_05,grid_pairrow_04_egg_col_05,
51,creatures/creature_051.png,eggs/egg_051.png,grid_pairrow_04_creature_col_06,grid_pairrow_04_egg_col_06,
52,creatures/creature_052.png,eggs/egg_052.png,grid_pairrow_04_creature_col_07,grid_pairrow_04_egg_col_07,
53,creatures/creature_053.png,eggs/egg_053.png,grid_pairrow_04_creature_col_08,grid_pairrow_04_egg_col_08,
54,creatures/creature_054.png,eggs/egg_054.png,grid_pairrow_04_creature_col_09,grid_pairrow_04_egg_col_09,
55,creatures/creature_055.png,eggs/egg_055.png,grid_pairrow_04_creature_col_10,grid_pairrow_04_egg_col_10,
56,creatures/creature_056.png,eggs/egg_056.png,grid_pairrow_04_creature_col_11,grid_pairrow_04_egg_col_11,
57,creatures/creature_057.png,eggs/egg_057.png,grid_pairrow_04_creature_col_12,grid_pairrow_04_egg_col_12,
58,creatures/creature_058.png,eggs/egg_058.png,grid_pairrow_04_creature_col_13,grid_pairrow_04_egg_col_13,
59,creatures/creature_059.png,eggs/egg_059.png,grid_pairrow_04_creature_col_14,grid_pairrow_04_egg_col_14,
60,creatures/creature_060.png,eggs/egg_060.png,grid_pairrow_04_creature_col_15,grid_pairrow_04_egg_col_15,
61,creatures/creature_061.png,eggs/egg_061.png,grid_pairrow_05_creature_col_01,grid_pairrow_05_egg_col_01,
62,creatures/creature_062.png,eggs/egg_062.png,grid_pairrow_05_creature_col_02,grid_pairrow_05_egg_col_02,
63,creatures/creature_063.png,eggs/egg_063.png,grid_pairrow_05_creature_col_03,grid_pairrow_05_egg_col_03,
64,creatures/creature_064.png,eggs/egg_064.png,grid_pairrow_05_creature_col_04,grid_pairrow_05_egg_col_04,
65,creatures/creature_065.png,eggs/egg_065.png,grid_pairrow_05_creature_col_05,grid_pairrow_05_egg_col_05,
66,creatures/creature_066.png,eggs/egg_066.png,grid_pairrow_05_creature_col_06,grid_pairrow_05_egg_col_06,
67,creatures/creature_067.png,eggs/egg_067.png,grid_pairrow_05_creature_col_07,grid_pairrow_05_egg_col_07,
68,creatures/creature_068.png,eggs/egg_068.png,grid_pairrow_05_creature_col_08,grid_pairrow_05_egg_col_08,
69,creatures/creature_069.png,eggs/egg_069.png,grid_pairrow_05_creature_col_09,grid_pairrow_05_egg_col_09,
70,creatures/creature_070.png,eggs/egg_070.png,grid_pairrow_05_creature_col_10,grid_pairrow_05_egg_col_10,
71,creatures/creature_071.png,eggs/egg_071.png,grid_pairrow_05_creature_col_11,grid_pairrow_05_egg_col_11,
72,creatures/creature_072.png,eggs/egg_072.png,grid_pairrow_05_creature_col_12,grid_pairrow_05_egg_col_12,
73,creatures/creature_073.png,eggs/egg_073.png,grid_pairrow_05_creature_col_13,grid_pairrow_05_egg_col_13,
74,creatures/creature_074.png,eggs/egg_074.png,grid_pairrow_05_creature_col_14,grid_pairrow_05_egg_col_14,
75,creatures/creature_075.png,eggs/egg_075.png,grid_pairrow_05_creature_col_15,grid_pairrow_05_egg_col_15,
76,creatures/creature_076.png,eggs/egg_076.png,grid_pairrow_06_creature_col_01,grid_pairrow_06_egg_col_01,
77,creatures/creature_077.png,eggs/egg_077.png,grid_pairrow_06_creature_col_02,grid_pairrow_06_egg_col_02,
78,creatures/creature_078.png,eggs/egg_078.png,grid_pairrow_06_creature_col_03,grid_pairrow_06_egg_col_03,
79,creatures/creature_079.png,eggs/egg_079.png,grid_pairrow_06_creature_col_04,grid_pairrow_06_egg_col_04,
80,creatures/creature_080.png,eggs/egg_080.png,grid_pairrow_06_creature_col_05,grid_pairrow_06_egg_col_05,
81,creatures/creature_081.png,eggs/egg_081.png,grid_pairrow_06_creature_col_06,grid_pairrow_06_egg_col_06,
82,creatures/creature_082.png,eggs/egg_082.png,grid_pairrow_06_creature_col_07,grid_pairrow_06_egg_col_07,
83,creatures/creature_083.png,eggs/egg_083.png,grid_pairrow_06_creature_col_08,grid_pairrow_06_egg_col_08,
84,creatures/creature_084.png,eggs/egg_084.png,grid_pairrow_06_creature_col_09,grid_pairrow_06_egg_col_09,
85,creatures/creature_085.png,eggs/egg_085.png,grid_pairrow_06_creature_col_10,grid_pairrow_06_egg_col_10,
86,creatures/creature_086.png,eggs/egg_086.png,grid_pairrow_06_creature_col_11,grid_pairrow_06_egg_col_11,
87,creatures/creature_087.png,eggs/egg_087.png,grid_pairrow_06_creature_col_12,grid_pairrow_06_egg_col_12,
88,creatures/creature_088.png,eggs/egg_088.png,grid_pairrow_06_creature_col_13,grid_pairrow_06_egg_col_13,
89,creatures/creature_089.png,eggs/egg_089.png,grid_pairrow_06_creature_col_14,grid_pairrow_06_egg_col_14,
90,creatures/creature_090.png,eggs/egg_090.png,grid_pairrow_06_creature_col_15,grid_pairrow_06_egg_col_15,
91,creatures/creature_091.png,eggs/egg_091.png,grid_pairrow_07_creature_col_01,grid_pairrow_07_egg_col_01,
92,creatures/creature_092.png,eggs/egg_092.png,grid_pairrow_07_creature_col_02,grid_pairrow_07_egg_col_02,
93,creatures/creature_093.png,eggs/egg_093.png,grid_pairrow_07_creature_col_03,grid_pairrow_07_egg_col_03,
94,creatures/creature_094.png,eggs/egg_094.png,grid_pairrow_07_creature_col_04,grid_pairrow_07_egg_col_04,
95,creatures/creature_095.png,eggs/egg_095.png,grid_pairrow_07_creature_col_05,grid_pairrow_07_egg_col_05,
96,creatures/creature_096.png,eggs/egg_096.png,grid_pairrow_07_creature_col_06,grid_pairrow_07_egg_col_06,
97,creatures/creature_097.png,eggs/egg_097.png,grid_pairrow_07_creature_col_07,grid_pairrow_07_egg_col_07,
98,creatures/creature_098.png,eggs/egg_098.png,grid_pairrow_07_creature_col_08,grid_pairrow_07_egg_col_08,
99,creatures/creature_099.png,eggs/egg_099.png,grid_pairrow_07_creature_col_09,grid_pairrow_07_egg_col_09,
100,creatures/creature_100.png,eggs/egg_100.png,grid_pairrow_07_creature_col_10,grid_pairrow_07_egg_col_10,
101,creatures/creature_101.png,eggs/egg_101.png,grid_pairrow_07_creature_col_11,grid_pairrow_07_egg_col_11,
102,creatures/creature_102.png,eggs/egg_102.png,grid_pairrow_07_creature_col_12,grid_pairrow_07_egg_col_12,
103,creatures/creature_103.png,eggs/egg_103.png,grid_pairrow_07_creature_col_13,grid_pairrow_07_egg_col_13,
104,creatures/creature_104.png,eggs/egg_104.png,grid_pairrow_07_creature_col_14,grid_pairrow_07_egg_col_14,
105,creatures/creature_105.png,eggs/egg_105.png,grid_pairrow_07_creature_col_15,grid_pairrow_07_egg_col_15,
106,creatures/creature_106.png,eggs/egg_106.png,grid_pairrow_08_creature_col_01,grid_pairrow_08_egg_col_01,
107,creatures/creature_107.png,eggs/egg_107.png,grid_pairrow_08_creature_col_02,grid_pairrow_08_egg_col_02,
108,creatures/creature_108.png,eggs/egg_108.png,grid_pairrow_08_creature_col_03,grid_pairrow_08_egg_col_03,
109,creatures/creature_109.png,eggs/egg_109.png,grid_pairrow_08_creature_col_04,grid_pairrow_08_egg_col_04,
110,creatures/creature_110.png,eggs/egg_110.png,grid_pairrow_08_creature_col_05,grid_pairrow_08_egg_col_05,
111,creatures/creature_111.png,eggs/egg_111.png,grid_pairrow_08_creature_col_06,grid_pairrow_08_egg_col_06,
112,creatures/creature_112.png,eggs/egg_112.png,grid_pairrow_08_creature_col_07,grid_pairrow_08_egg_col_07,
113,creatures/creature_113.png,eggs/egg_113.png,grid_pairrow_08_creature_col_08,grid_pairrow_08_egg_col_08,
114,creatures/creature_114.png,eggs/egg_114.png,grid_pairrow_08_creature_col_09,grid_pairrow_08_egg_col_09,
115,creatures/creature_115.png,eggs/egg_115.png,grid_pairrow_08_creature_col_10,grid_pairrow_08_egg_col_10,
116,creatures/creature_116.png,eggs/egg_116.png,grid_pairrow_08_creature_col_11,grid_pairrow_08_egg_col_11,
117,creatures/creature_117.png,eggs/egg_117.png,grid_pairrow_08_creature_col_12,grid_pairrow_08_egg_col_12,
118,creatures/creature_118.png,eggs/egg_118.png,grid_pairrow_08_creature_col_13,grid_pairrow_08_egg_col_13,
119,creatures/creature_119.png,eggs/egg_119.png,grid_pairrow_08_creature_col_14,grid_pairrow_08_egg_col_14,
120,creatures/creature_120.png,eggs/egg_120.png,grid_pairrow_08_creature_col_15,grid_pairrow_08_egg_col_15,
121,creatures/creature_121.png,eggs/egg_121.png,grid_pairrow_09_creature_col_01,grid_pairrow_09_egg_col_01,
122,creatures/creature_122.png,eggs/egg_122.png,grid_pairrow_09_creature_col_02,grid_pairrow_09_egg_col_02,
123,creatures/creature_123.png,eggs/egg_123.png,grid_pairrow_09_creature_col_03,grid_pairrow_09_egg_col_03,
124,creatures/creature_124.png,eggs/egg_124.png,grid_pairrow_09_creature_col_04,grid_pairrow_09_egg_col_04,
125,creatures/creature_125.png,eggs/egg_125.png,grid_pairrow_09_creature_col_05,grid_pairrow_09_egg_col_05,
126,creatures/creature_126.png,eggs/egg_126.png,grid_pairrow_09_creature_col_06,grid_pairrow_09_egg_col_06,
127,creatures/creature_127.png,eggs/egg_127.png,grid_pairrow_09_creature_col_07,grid_pairrow_09_egg_col_07,
128,creatures/creature_128.png,eggs/egg_128.png,grid_pairrow_09_creature_col_08,grid_pairrow_09_egg_col_08,
129,creatures/creature_129.png,eggs/egg_129.png,grid_pairrow_09_creature_col_09,grid_pairrow_09_egg_col_09,
130,creatures/creature_130.png,eggs/egg_130.png,grid_pairrow_09_creature_col_10,grid_pairrow_09_egg_col_10,
131,creatures/creature_131.png,eggs/egg_131.png,grid_pairrow_09_creature_col_11,grid_pairrow_09_egg_col_11,
132,creatures/creature_132.png,eggs/egg_132.png,grid_pairrow_09_creature_col_12,grid_pairrow_09_egg_col_12,
133,creatures/creature_133.png,eggs/egg_133.png,grid_pairrow_09_creature_col_13,grid_pairrow_09_egg_col_13,
134,creatures/creature_134.png,eggs/egg_134.png,grid_pairrow_09_creature_col_14,grid_pairrow_09_egg_col_14,
135,creatures/creature_135.png,eggs/egg_135.png,grid_pairrow_09_creature_col_15,grid_pairrow_09_egg_col_15,
136,creatures/creature_136.png,eggs/egg_136.png,grid_pairrow_10_creature_col_01,grid_pairrow_10_egg_col_01,
137,creatures/creature_137.png,eggs/egg_137.png,grid_pairrow_10_creature_col_02,grid_pairrow_10_egg_col_02,
138,creatures/creature_138.png,eggs/egg_138.png,grid_pairrow_10_creature_col_03,grid_pairrow_10_egg_col_03,
139,creatures/creature_139.png,eggs/egg_139.png,grid_pairrow_10_creature_col_04,grid_pairrow_10_egg_col_04,
140,creatures/creature_140.png,eggs/egg_140.png,grid_pairrow_10_creature_col_05,grid_pairrow_10_egg_col_05,
141,creatures/creature_141.png,eggs/egg_141.png,grid_pairrow_10_creature_col_06,grid_pairrow_10_egg_col_06,
142,creatures/creature_142.png,eggs/egg_142.png,grid_pairrow_10_creature_col_07,grid_pairrow_10_egg_col_07,
143,creatures/creature_143.png,eggs/egg_143.png,grid_pairrow_10_creature_col_08,grid_pairrow_10_egg_col_08,
144,creatures/creature_144.png,eggs/egg_144.png,grid_pairrow_10_creature_col_09,grid_pairrow_10_egg_col_09,
145,creatures/creature_145.png,eggs/egg_145.png,grid_pairrow_10_creature_col_10,grid_pairrow_10_egg_col_10,
146,creatures/creature_146.png,eggs/egg_146.png,grid_pairrow_10_creature_col_11,grid_pairrow_10_egg_col_11,
147,creatures/creature_147.png,eggs/egg_147.png,grid_pairrow_10_creature_col_12,grid_pairrow_10_egg_col_12,
148,creatures/creature_148.png,eggs/egg_148.png,grid_pairrow_10_creature_col_13,grid_pairrow_10_egg_col_13,
149,creatures/creature_149.png,eggs/egg_149.png,grid_pairrow_10_creature_col_14,grid_pairrow_10_egg_col_14,
150,creatures/creature_150.png,eggs/egg_150.png,grid_pairrow_10_creature_col_15,grid_pairrow_10_egg_col_15,
151,creatures/creature_151.png,eggs/egg_151.png,grid_pairrow_11_creature_col_01,grid_pairrow_11_egg_col_01,
152,creatures/creature_152.png,eggs/egg_152.png,grid_pairrow_11_creature_col_02,grid_pairrow_11_egg_col_02,
153,creatures/creature_153.png,eggs/egg_153.png,grid_pairrow_11_creature_col_03,grid_pairrow_11_egg_col_03,
154,creatures/creature_154.png,eggs/egg_154.png,grid_pairrow_11_creature_col_04,grid_pairrow_11_egg_col_04,
155,creatures/creature_155.png,eggs/egg_155.png,grid_pairrow_11_creature_col_05,grid_pairrow_11_egg_col_05,
156,creatures/creature_156.png,eggs/egg_156.png,grid_pairrow_11_creature_col_06,grid_pairrow_11_egg_col_06,
157,creatures/creature_157.png,eggs/egg_157.png,grid_pairrow_11_creature_col_07,grid_pairrow_11_egg_col_07,
158,creatures/creature_158.png,eggs/egg_158.png,grid_pairrow_11_creature_col_08,grid_pairrow_11_egg_col_08,
159,creatures/creature_159.png,eggs/egg_159.png,grid_pairrow_11_creature_col_09,grid_pairrow_11_egg_col_09,
160,creatures/creature_160.png,eggs/egg_160.png,grid_pairrow_11_creature_col_10,grid_pairrow_11_egg_col_10,
161,creatures/creature_161.png,eggs/egg_161.png,grid_pairrow_11_creature_col_11,grid_pairrow_11_egg_col_11,
162,creatures/creature_162.png,eggs/egg_162.png,grid_pairrow_11_creature_col_12,grid_pairrow_11_egg_col_12,
163,creatures/creature_163.png,eggs/egg_163.png,grid_pairrow_11_creature_col_13,grid_pairrow_11_egg_col_13,
164,creatures/creature_164.png,eggs/egg_164.png,grid_pairrow_11_creature_col_14,grid_pairrow_11_egg_col_14,
165,creatures/creature_165.png,eggs/egg_165.png,grid_pairrow_11_creature_col_15,grid_pairrow_11_egg_col_15,
166,creatures/creature_166.png,eggs/egg_166.png,grid_pairrow_12_creature_col_01,grid_pairrow_12_egg_col_01,
167,creatures/creature_167.png,eggs/egg_167.png,grid_pairrow_12_creature_col_02,grid_pairrow_12_egg_col_02,
168,creatures/creature_168.png,eggs/egg_168.png,grid_pairrow_12_creature_col_03,grid_pairrow_12_egg_col_03,
169,creatures/creature_169.png,eggs/egg_169.png,grid_pairrow_12_creature_col_04,grid_pairrow_12_egg_col_04,
170,creatures/creature_170.png,eggs/egg_170.png,grid_pairrow_12_creature_col_05,grid_pairrow_12_egg_col_05,
171,creatures/creature_171.png,eggs/egg_171.png,grid_pairrow_12_creature_col_06,grid_pairrow_12_egg_col_06,
172,creatures/creature_172.png,eggs/egg_172.png,grid_pairrow_12_creature_col_07,grid_pairrow_12_egg_col_07,
173,creatures/creature_173.png,eggs/egg_173.png,grid_pairrow_12_creature_col_08,grid_pairrow_12_egg_col_08,
174,creatures/creature_174.png,eggs/egg_174.png,grid_pairrow_12_creature_col_09,grid_pairrow_12_egg_col_09,
175,creatures/creature_175.png,eggs/egg_175.png,grid_pairrow_12_creature_col_10,grid_pairrow_12_egg_col_10,
176,creatures/creature_176.png,eggs/egg_176.png,grid_pairrow_12_creature_col_11,grid_pairrow_12_egg_col_11,
177,creatures/creature_177.png,eggs/egg_177.png,grid_pairrow_12_creature_col_12,grid_pairrow_12_egg_col_12,
178,creatures/creature_178.png,eggs/egg_178.png,grid_pairrow_12_creature_col_13,grid_pairrow_12_egg_col_13,
179,creatures/creature_179.png,eggs/egg_179.png,grid_pairrow_12_creature_col_14,grid_pairrow_12_egg_col_14,
180,creatures/creature_180.png,eggs/egg_180.png,grid_pairrow_12_creature_col_15,grid_pairrow_12_egg_col_15,
181,creatures/creature_181.png,eggs/egg_181.png,grid_pairrow_13_creature_col_01,grid_pairrow_13_egg_col_01,
182,creatures/creature_182.png,eggs/egg_182.png,grid_pairrow_13_creature_col_02,grid_pairrow_13_egg_col_02,
183,creatures/creature_183.png,eggs/egg_183.png,grid_pairrow_13_creature_col_03,grid_pairrow_13_egg_col_03,
184,creatures/creature_184.png,eggs/egg_184.png,grid_pairrow_13_creature_col_04,grid_pairrow_13_egg_col_04,
185,creatures/creature_185.png,eggs/egg_185.png,grid_pairrow_13_creature_col_05,grid_pairrow_13_egg_col_05,
186,creatures/creature_186.png,eggs/egg_186.png,grid_pairrow_13_creature_col_06,grid_pairrow_13_egg_col_06,
187,creatures/creature_187.png,eggs/egg_187.png,grid_pairrow_13_creature_col_07,grid_pairrow_13_egg_col_07,
188,creatures/creature_188.png,eggs/egg_188.png,grid_pairrow_13_creature_col_08,grid_pairrow_13_egg_col_08,
189,creatures/creature_189.png,eggs/egg_189.png,grid_pairrow_13_creature_col_09,grid_pairrow_13_egg_col_09,
190,creatures/creature_190.png,eggs/egg_190.png,grid_pairrow_13_creature_col_10,grid_pairrow_13_egg_col_10,
191,creatures/creature_191.png,eggs/egg_191.png,grid_pairrow_13_creature_col_11,grid_pairrow_13_egg_col_11,
192,creatures/creature_192.png,eggs/egg_192.png,grid_pairrow_13_creature_col_12,grid_pairrow_13_egg_col_12,
193,creatures/creature_193.png,eggs/egg_193.png,grid_pairrow_13_creature_col_13,grid_pairrow_13_egg_col_13,
194,creatures/creature_194.png,eggs/egg_194.png,grid_pairrow_13_creature_col_14,grid_pairrow_13_egg_col_14,
195,creatures/creature_195.png,eggs/egg_195.png,grid_pairrow_13_creature_col_15,grid_pairrow_13_egg_col_15,
196,creatures/creature_196.png,eggs/egg_196.png,grid_pairrow_14_creature_col_01,grid_pairrow_14_egg_col_01,
197,creatures/creature_197.png,eggs/egg_197.png,grid_pairrow_14_creature_col_02,grid_pairrow_14_egg_col_02,
198,creatures/creature_198.png,eggs/egg_198.png,grid_pairrow_14_creature_col_03,grid_pairrow_14_egg_col_03,
199,creatures/creature_199.png,eggs/egg_199.png,grid_pairrow_14_creature_col_04,grid_pairrow_14_egg_col_04,
200,creatures/creature_200.png,eggs/egg_200.png,grid_pairrow_14_creature_col_05,grid_pairrow_14_egg_col_05,
201,creatures/creature_201.png,eggs/egg_201.png,grid_pairrow_14_creature_col_06,grid_pairrow_14_egg_col_06,
202,creatures/creature_202.png,eggs/egg_202.png,grid_pairrow_14_creature_col_07,grid_pairrow_14_egg_col_07,
203,creatures/creature_203.png,eggs/egg_203.png,grid_pairrow_14_creature_col_08,grid_pairrow_14_egg_col_08,
204,creatures/creature_204.png,eggs/egg_204.png,grid_pairrow_14_creature_col_09,grid_pairrow_14_egg_col_09,
205,creatures/creature_205.png,eggs/egg_205.png,grid_pairrow_14_creature_col_10,grid_pairrow_14_egg_col_10,
206,creatures/creature_206.png,eggs/egg_206.png,grid_pairrow_14_creature_col_11,grid_pairrow_14_egg_col_11,
207,creatures/creature_207.png,eggs/egg_207.png,grid_pairrow_14_creature_col_12,grid_pairrow_14_egg_col_12,
208,creatures/creature_208.png,eggs/egg_208.png,grid_pairrow_14_creature_col_13,grid_pairrow_14_egg_col_13,
209,creatures/creature_209.png,eggs/egg_209.png,grid_pairrow_14_creature_col_14,grid_pairrow_14_egg_col_14,
210,creatures/creature_210.png,eggs/egg_210.png,grid_pairrow_14_creature_col_15,grid_pairrow_14_egg_col_15,
211,creatures/creature_211.png,eggs/egg_211.png,grid_pairrow_15_creature_col_01,grid_pairrow_15_egg_col_01,
212,creatures/creature_212.png,eggs/egg_212.png,grid_pairrow_15_creature_col_02,grid_pairrow_15_egg_col_02,
213,creatures/creature_213.png,eggs/egg_213.png,grid_pairrow_15_creature_col_03,grid_pairrow_15_egg_col_03,
214,creatures/creature_214.png,eggs/egg_214.png,grid_pairrow_15_creature_col_04,grid_pairrow_15_egg_col_04,
215,creatures/creature_215.png,eggs/egg_215.png,grid_pairrow_15_creature_col_05,grid_pairrow_15_egg_col_05,
216,creatures/creature_216.png,eggs/egg_216.png,grid_pairrow_15_creature_col_06,grid_pairrow_15_egg_col_06,
217,creatures/creature_217.png,eggs/egg_217.png,grid_pairrow_15_creature_col_07,grid_pairrow_15_egg_col_07,
218,creatures/creature_218.png,eggs/egg_218.png,grid_pairrow_15_creature_col_08,grid_pairrow_15_egg_col_08,
219,creatures/creature_219.png,eggs/egg_219.png,grid_pairrow_15_creature_col_09,grid_pairrow_15_egg_col_09,
220,creatures/creature_220.png,eggs/egg_220.png,grid_pairrow_15_creature_col_10,grid_pairrow_15_egg_col_10,
221,creatures/creature_221.png,eggs/egg_221.png,grid_pairrow_15_creature_col_11,grid_pairrow_15_egg_col_11,
222,creatures/creature_222.png,eggs/egg_222.png,grid_pairrow_15_creature_col_12,grid_pairrow_15_egg_col_12,
223,creatures/creature_223.png,eggs/egg_223.png,grid_pairrow_15_creature_col_13,grid_pairrow_15_egg_col_13,
224,creatures/creature_224.png,eggs/egg_224.png,grid_pairrow_15_creature_col_14,grid_pairrow_15_egg_col_14,
225,creatures/creature_225.png,eggs/egg_225.png,grid_pairrow_15_creature_col_15,grid_pairrow_15_egg_col_15,
226,creatures/creature_226.png,eggs/egg_226.png,grid_pairrow_16_creature_col_01,grid_pairrow_16_egg_col_01,
227,creatures/creature_227.png,eggs/egg_227.png,grid_pairrow_16_creature_col_02,grid_pairrow_16_egg_col_02,
228,creatures/creature_228.png,eggs/egg_228.png,grid_pairrow_16_creature_col_03,grid_pairrow_16_egg_col_03,
229,creatures/creature_229.png,eggs/egg_229.png,grid_pairrow_16_creature_col_04,grid_pairrow_16_egg_col_04,
230,creatures/creature_230.png,eggs/egg_230.png,grid_pairrow_16_creature_col_05,grid_pairrow_16_egg_col_05,
231,creatures/creature_231.png,eggs/egg_231.png,grid_pairrow_16_creature_col_06,grid_pairrow_16_egg_col_06,
232,creatures/creature_232.png,eggs/egg_232.png,grid_pairrow_16_creature_col_07,grid_pairrow_16_egg_col_07,
233,creatures/creature_233.png,eggs/egg_233.png,grid_pairrow_16_creature_col_08,grid_pairrow_16_egg_col_08,
234,creatures/creature_234.png,eggs/egg_234.png,grid_pairrow_16_creature_col_09,grid_pairrow_16_egg_col_09,
235,creatures/creature_235.png,eggs/egg_235.png,grid_pairrow_16_creature_col_10,grid_pairrow_16_egg_col_10,
236,creatures/creature_236.png,eggs/egg_236.png,grid_pairrow_16_creature_col_11,grid_pairrow_16_egg_col_11,
237,creatures/creature_237.png,eggs/egg_237.png,grid_pairrow_16_creature_col_12,grid_pairrow_16_egg_col_12,
238,creatures/creature_238.png,eggs/egg_238.png,grid_pairrow_16_creature_col_13,grid_pairrow_16_egg_col_13,
239,creatures/creature_239.png,eggs/egg_239.png,grid_pairrow_16_creature_col_14,grid_pairrow_16_egg_col_14,
240,creatures/creature_240.png,eggs/egg_240.png,grid_pairrow_16_creature_col_15,grid_pairrow_16_egg_col_15,
241,creatures/creature_241.png,eggs/egg_241.png,grid_pairrow_17_creature_col_01,grid_pairrow_17_egg_col_01,
242,creatures/creature_242.png,eggs/egg_242.png,grid_pairrow_17_creature_col_02,grid_pairrow_17_egg_col_02,
243,creatures/creature_243.png,eggs/egg_243.png,grid_pairrow_17_creature_col_03,grid_pairrow_17_egg_col_03,
244,creatures/creature_244.png,eggs/egg_244.png,grid_pairrow_17_creature_col_04,grid_pairrow_17_egg_col_04,
245,creatures/creature_245.png,eggs/egg_245.png,grid_pairrow_17_creature_col_05,grid_pairrow_17_egg_col_05,
246,creatures/creature_246.png,eggs/egg_246.png,grid_pairrow_17_creature_col_06,grid_pairrow_17_egg_col_06,
247,creatures/creature_247.png,eggs/egg_247.png,grid_pairrow_17_creature_col_07,grid_pairrow_17_egg_col_07,
248,creatures/creature_248.png,eggs/egg_248.png,grid_pairrow_17_creature_col_08,grid_pairrow_17_egg_col_08,
249,creatures/creature_249.png,eggs/egg_249.png,grid_pairrow_17_creature_col_09,grid_pairrow_17_egg_col_09,
250,creatures/creature_250.png,eggs/egg_250.png,grid_pairrow_17_creature_col_10,grid_pairrow_17_egg_col_10,
251,creatures/creature_251.png,eggs/egg_251.png,grid_pairrow_17_creature_col_11,grid_pairrow_17_egg_col_11,
252,creatures/creature_252.png,eggs/egg_252.png,grid_pairrow_17_creature_col_12,grid_pairrow_17_egg_col_12,
253,creatures/creature_253.png,eggs/egg_253.png,grid_pairrow_17_creature_col_13,grid_pairrow_17_egg_col_13,
254,creatures/creature_254.png,eggs/egg_254.png,grid_pairrow_17_creature_col_14,grid_pairrow_17_egg_col_14,
255,creatures/creature_255.png,eggs/egg_255.png,bottom_extra_center_tile,grid_pairrow_17_egg_col_15,"paired by left-to-right, top-to-bottom order; final pair uses bottom extra centered creature tile"
